code,name,market_cap_100m
005930,삼성전자,15901877
000660,SK하이닉스,12951629
402340,SK스퀘어,1531637
009150,삼성전기,1251119
373220,LG에너지솔루션,912600
005380,현대차,708063
207940,삼성바이오로직스,606411
105560,KB금융,591973
032830,삼성생명,570000
028260,삼성물산,554613
012450,한화에어로스페이스,527493
034020,두산에너빌리티,522057
055550,신한지주,486350
006400,삼성SDI,463366
329180,HD현대중공업,441361
000270,기아,439605
034730,SK,424865
068270,셀트리온,424293
066570,LG전자,378706
086790,하나금융지주,348738
012330,현대모비스,341318
010120,LS ELECTRIC,326250
035420,NAVER,290652
000810,삼성화재,283511
096770,SK이노베이션,267103
042700,한미반도체,264967
298040,효성중공업,261740
005490,POSCO홀딩스,251988
267260,HD현대일렉트릭,246201
316140,우리금융지주,246086
000150,두산,237725
042660,한화오션,236551
010130,고려아연,231481
009540,HD한국조선해양,225412
138040,메리츠금융지주,217384
011200,HMM,202324
051910,LG화학,196952
015760,한국전력,194515
017670,SK텔레콤,189874
010950,S-Oil,186099
033780,KT&G,183121
003670,포스코퓨처엠,181895
003550,LG,174475
006800,미래에셋증권,173495
010140,삼성중공업,173360
018260,삼성에스디에스,169844
024110,기업은행,161080
079550,LIG디펜스앤에어로스페이스,154660
272210,한화시스템,154347
267250,HD현대,154273
011070,LG이노텍,152416
086280,현대글로비스,150750
035720,카카오,148405
278470,에이피알,135151
030200,KT,129791
047810,한국항공우주,125937
000720,현대건설,125720
064350,현대로템,122675
005830,DB손해보험,119800
003490,대한항공,114700
307950,현대오토에버,106405
443060,HD현대마린솔루션,101547
047050,포스코인터내셔널,100803
071050,한국금융지주,99192
005940,NH투자증권,98393
078930,GS,98283
007660,이수페타시스,96826
323410,카카오뱅크,95901
028050,삼성E&A,94178
006260,LS,93444
0126Z0,삼성에피스홀딩스,92440
259960,크래프톤,92061
003230,삼양식품,91149
180640,한진칼,89795
009830,한화솔루션,83210
016360,삼성증권,79566
090430,아모레퍼시픽,77912
161390,한국타이어앤테크놀로지,74820
047040,대우건설,72936
062040,산일전기,72010
021240,코웨이,71333
064400,LG씨엔에스,71308
352820,하이브,67677
000880,한화,67461
128940,한미약품,67001
039490,키움증권,66357
001440,대한전선,62227
032640,LG유플러스,61796
000990,DB하이텍,60775
326030,SK바이오팜,59987
267270,HD건설기계,56284
000100,유한양행,56168
011790,SKC,55401
377300,카카오페이,54729
175330,JB금융지주,53438
241560,두산밥캣,53104
066970,엘앤에프,50491
052690,한전기술,49227
138930,BNK금융지주,49125
454910,두산로보틱스,48485
036570,NC,48258
029780,삼성카드,48255
088350,한화생명,46118
010060,OCI홀딩스,45648
034220,LG디스플레이,42850
271560,오리온,42098
002380,KCC,41074
001450,현대해상,39981
004020,현대제철,39967
018880,한온시스템,39921
051900,LG생활건강,39760
082740,한화엔진,39595
008930,한미사이언스,39393
001040,CJ,37930
192820,코스맥스,33821
022100,포스코DX,33295
036460,한국가스공사,33186
161890,한국콜마,32787
012750,에스원,32185
028670,팬오션,32074
004170,신세계,30838
035250,강원랜드,30614
111770,영원무역,29998
014680,한솔케미칼,29953
011780,금호석유화학,29861
139130,iM금융지주,29803
302440,SK바이오사이언스,29225
007340,DN오토모티브,29050
017800,현대엘리베이터,28654
251270,넷마블,28648
375500,DL이앤씨,28633
023530,롯데쇼핑,28288
450080,에코프로머티,28113
383220,F&F,27312
097950,CJ제일제당,27112
026960,동서,26370
011170,롯데케미칼,26349
457190,이수스페셜티케미컬,25444
009420,한올바이오파마,24971
112610,씨에스윈드,24248
005850,에스엘,24153
004370,농심,24087
000240,한국앤컴퍼니,24018
004990,롯데지주,23271
483650,달바글로벌,22912
204320,HL만도,22375
282330,BGF리테일,22002
030000,제일기획,21455
103140,풍산,21130
009970,영원무역홀딩스,21036
081660,미스토홀딩스,20626
051600,한전KPS,20407
139480,이마트,19813
002790,아모레퍼시픽홀딩스,19382
073240,금호타이어,19217
069960,현대백화점,18933
007070,GS리테일,18560
093370,후성,17471
120110,코오롱인더,17278
001430,세아베스틸지주,16944
071970,HD현대마린엔진,15977
000120,CJ대한통운,15945
006040,동원산업,15581
008770,호텔신라,15287
006280,녹십자,14900
361610,SK아이이테크놀로지,14860
011210,현대위아,14630
001800,오리온홀딩스,13655
069620,대웅제약,12664
007310,오뚜기,12644
298020,효성티앤씨,12528
192080,더블유게임즈,12005
300720,한일시멘트,11767
004000,롯데정밀화학,11042
280360,롯데웰푸드,11017
017960,한국카본,10593
000080,하이트진로,10372
000210,DL,10362
003240,태광산업,10187
009240,한샘,9425
071320,지역난방공사,9124
185750,종근당,9068
285130,SK케미칼,9029
003090,대웅,8936
005300,롯데칠성,8805
034230,파라다이스,8716
137310,에스디바이오센서,7764
000670,영풍,7603
298050,HS효성첨단소재,7373
456040,OCI,6615
069260,TKG휴켐스,6503
014820,동원시스템즈,6407
268280,미원에스씨,6150
002840,미원상사,6147
001680,대상,6080
006650,대한유화,5941
0220W0,한화머시너리앤서비스홀딩스,4808
003030,세아제강지주,4659
005420,코스모화학,4562
002030,아세아,4261
008730,율촌화학,3915
